[
  {
    "display_name": "MedDRA 23.0",
    "type": "MedDRA",
    "task_type": "AdverseEvent",
    "version": "23_0",
    "language": "english",
    "is_default": true
  },
  {
    "display_name": "MedDRA 23.0",
    "type": "MedDRA",
    "task_type": "AdverseEvent",
    "version": "23_0",
    "language": "chinese",
    "is_default": false
  },
  {
    "display_name": "MedDRA 23.1",
    "type": "MedDRA",
    "task_type": "AdverseEvent",
    "version": "23_1",
    "language": "english",
    "is_default": false
  },
  {
    "display_name": "MedDRA 23.1",
    "type": "MedDRA",
    "task_type": "AdverseEvent",
    "version": "23_1",
    "language": "japanese",
    "is_default": false
  },
  {
    "display_name": "MedDRA 23.0",
    "type": "MedDRA",
    "task_type": "AdverseEvent",
    "version": "23_0",
    "language": "japanese",
    "is_default": false
  },
  {
    "display_name": "MedDRA 23.1",
    "type": "MedDRA",
    "task_type": "AdverseEvent",
    "version": "23_1",
    "language": "chinese",
    "is_default": false
  },
  {
    "display_name": "",
    "type": "WhoDrug",
    "task_type": "ConcomitantMedication",
    "version": "Global-B3-201803",
    "language": "english",
    "is_default": false
  },
  {
    "display_name": "",
    "type": "WhoDrug",
    "task_type": "ConcomitantMedication",
    "version": "Global-B3-201809",
    "language": "english",
    "is_default": false
  },
  {
    "display_name": "",
    "type": "WhoDrug",
    "task_type": "ConcomitantMedication",
    "version": "Global-B3-201903",
    "language": "english",
    "is_default": false
  },
  {
    "display_name": "",
    "type": "WhoDrug",
    "task_type": "ConcomitantMedication",
    "version": "Global-B3-201909",
    "language": "english",
    "is_default": false
  },
  {
    "display_name": "",
    "type": "WhoDrug",
    "task_type": "ConcomitantMedication",
    "version": "Global-B3-202003",
    "language": "english",
    "is_default": false
  },
  {
    "display_name": "",
    "type": "WhoDrug",
    "task_type": "ConcomitantMedication",
    "version": "Global-B3-202009",
    "language": "english",
    "is_default": false
  }
]