[
  {
    "uuid": "15f1a039-010f-4019-88cd-c020909ba824",
    "verbatim": "events veerbatim",
    "prediction": "Ventilation pneumonitis",
    "prediction_code": "LLT10000002",
    "confidence": 68,
    "task_updated": "2021-01-06T10:47:09.602432",
    "supplementals": {
      "key_4": "value",
      "other_key": "somekey",
      "unfilled_field": ""
    },
    "primary_path": {
      "hierarchy": "SOC10038738/HLGT10024967/HLT10024972/PT10081988/LLT10000001",
      "terms": [
        {
          "text": "Respiratory, thoracic and mediastinal disorders",
          "level": "soc",
          "code": "10038738"
        },
        {
          "text": "Lower respiratory tract disorders (excl obstruction and infection)",
          "level": "hlgt",
          "code": "10024967"
        },
        {
          "text": "Lower respiratory tract inflammatory and immunologic conditions",
          "level": "hlt",
          "code": "10024972"
        },
        {
          "text": "Hypersensitivity pneumonitis",
          "level": "pt",
          "code": "10081988"
        },
        {
          "text": "Ventilation pneumonitis",
          "level": "llt",
          "code": "10000002"
        }
      ]
    },
    "non_primary_paths": null
  },
  {
    "uuid": "ca22e8d0-0f9a-40fd-a806-9c62ad44058b",
    "verbatim": "events veerbatim",
    "prediction": "Ventilation pneumonitis",
    "prediction_code": "LLT10000002",
    "confidence": 30,
    "task_updated": "2021-01-06T10:47:09.602362",
    "supplementals": {
      "key_4": "value",
      "other_key": "somekey",
      "unfilled_field": ""
    },
    "primary_path": {
      "hierarchy": "SOC10038738/HLGT10024967/HLT10024972/PT10081988/LLT10000001",
      "terms": [
        {
          "text": "Respiratory, thoracic and mediastinal disorders",
          "level": "soc",
          "code": "10038738"
        },
        {
          "text": "Lower respiratory tract disorders (excl obstruction and infection)",
          "level": "hlgt",
          "code": "10024967"
        },
        {
          "text": "Lower respiratory tract inflammatory and immunologic conditions",
          "level": "hlt",
          "code": "10024972"
        },
        {
          "text": "Hypersensitivity pneumonitis",
          "level": "pt",
          "code": "10081988"
        },
        {
          "text": "Ventilation pneumonitis",
          "level": "llt",
          "code": "10000002"
        }
      ]
    },
    "non_primary_paths": null
  },
  {
    "uuid": "0cbd6a36-7043-4248-9193-64841cfa5cb5",
    "verbatim": "events veerbatim",
    "prediction": "Ventilation pneumonitis",
    "prediction_code": "LLT10000002",
    "confidence": 65,
    "task_updated": "2021-01-06T10:47:09.602348",
    "supplementals": {
      "key_4": "value",
      "other_key": "somekey",
      "unfilled_field": ""
    },
    "primary_path": {
      "hierarchy": "SOC10038738/HLGT10024967/HLT10024972/PT10081988/LLT10000001",
      "terms": [
        {
          "text": "Respiratory, thoracic and mediastinal disorders",
          "level": "soc",
          "code": "10038738"
        },
        {
          "text": "Lower respiratory tract disorders (excl obstruction and infection)",
          "level": "hlgt",
          "code": "10024967"
        },
        {
          "text": "Lower respiratory tract inflammatory and immunologic conditions",
          "level": "hlt",
          "code": "10024972"
        },
        {
          "text": "Hypersensitivity pneumonitis",
          "level": "pt",
          "code": "10081988"
        },
        {
          "text": "Ventilation pneumonitis",
          "level": "llt",
          "code": "10000002"
        }
      ]
    },
    "non_primary_paths": null
  },
  {
    "uuid": "0cbd6a36-7043-4248-9193-64841cfa5cb9",
    "verbatim": "events veerbatim",
    "prediction": "",
    "prediction_code": "",
    "confidence": null,
    "task_updated": "2021-01-06T10:47:09.602348",
    "supplementals": {
      "key_4": "value",
      "other_key": "somekey",
      "unfilled_field": ""
    },
    "primary_path": null,
    "non_primary_paths": null
  }
]