[
  {
    "level": "soc",
    "code": "10005329",
    "text": "Blood and lymphatic system disorders"
  },
  {
    "level": "soc",
    "code": "10007541",
    "text": "Cardiac disorders"
  },
  {
    "level": "soc",
    "code": "10010331",
    "text": "Congenital, familial and genetic disorders"
  },
  {
    "level": "soc",
    "code": "10013993",
    "text": "Ear and labyrinth disorders"
  },
  {
    "level": "soc",
    "code": "10014698",
    "text": "Endocrine disorders"
  },
  {
    "level": "soc",
    "code": "10015919",
    "text": "Eye disorders"
  },
  {
    "level": "soc",
    "code": "10017947",
    "text": "Gastrointestinal disorders"
  },
  {
    "level": "soc",
    "code": "10018065",
    "text": "General disorders and administration site conditions"
  },
  {
    "level": "soc",
    "code": "10019805",
    "text": "Hepatobiliary disorders"
  },
  {
    "level": "soc",
    "code": "10021428",
    "text": "Immune system disorders"
  },
  {
    "level": "soc",
    "code": "10021881",
    "text": "Infections and infestations"
  },
  {
    "level": "soc",
    "code": "10022117",
    "text": "Injury, poisoning and procedural complications"
  },
  {
    "level": "soc",
    "code": "10022891",
    "text": "Investigations"
  },
  {
    "level": "soc",
    "code": "10027433",
    "text": "Metabolism and nutrition disorders"
  },
  {
    "level": "soc",
    "code": "10028395",
    "text": "Musculoskeletal and connective tissue disorders"
  },
  {
    "level": "soc",
    "code": "10029104",
    "text": "Neoplasms benign, malignant and unspecified (incl cysts and polyps)"
  },
  {
    "level": "soc",
    "code": "10029205",
    "text": "Nervous system disorders"
  },
  {
    "level": "soc",
    "code": "10036585",
    "text": "Pregnancy, puerperium and perinatal conditions"
  },
  {
    "level": "soc",
    "code": "10077536",
    "text": "Product issues"
  },
  {
    "level": "soc",
    "code": "10037175",
    "text": "Psychiatric disorders"
  },
  {
    "level": "soc",
    "code": "10038359",
    "text": "Renal and urinary disorders"
  },
  {
    "level": "soc",
    "code": "10038604",
    "text": "Reproductive system and breast disorders"
  },
  {
    "level": "soc",
    "code": "10038738",
    "text": "Respiratory, thoracic and mediastinal disorders"
  },
  {
    "level": "soc",
    "code": "10040785",
    "text": "Skin and subcutaneous tissue disorders"
  },
  {
    "level": "soc",
    "code": "10041244",
    "text": "Social circumstances"
  },
  {
    "level": "soc",
    "code": "10042613",
    "text": "Surgical and medical procedures"
  },
  {
    "level": "soc",
    "code": "10047065",
    "text": "Vascular disorders"
  }
]