[
  {
    "text": "血液及淋巴系统疾病",
    "level": "soc",
    "code": "10005329"
  },
  {
    "text": "心脏器官疾病",
    "level": "soc",
    "code": "10007541"
  },
  {
    "text": "各种先天性家族性遗传性疾病",
    "level": "soc",
    "code": "10010331"
  },
  {
    "text": "耳及迷路类疾病",
    "level": "soc",
    "code": "10013993"
  },
  {
    "text": "内分泌系统疾病",
    "level": "soc",
    "code": "10014698"
  },
  {
    "text": "眼器官疾病",
    "level": "soc",
    "code": "10015919"
  },
  {
    "text": "胃肠系统疾病",
    "level": "soc",
    "code": "10017947"
  },
  {
    "text": "全身性疾病及给药部位各种反应",
    "level": "soc",
    "code": "10018065"
  },
  {
    "text": "肝胆系统疾病",
    "level": "soc",
    "code": "10019805"
  },
  {
    "text": "免疫系统疾病",
    "level": "soc",
    "code": "10021428"
  },
  {
    "text": "感染及侵染类疾病",
    "level": "soc",
    "code": "10021881"
  },
  {
    "text": "各类损伤、中毒及手术并发症",
    "level": "soc",
    "code": "10022117"
  },
  {
    "text": "各类检查",
    "level": "soc",
    "code": "10022891"
  },
  {
    "text": "代谢及营养类疾病",
    "level": "soc",
    "code": "10027433"
  },
  {
    "text": "各种肌肉骨骼及结缔组织疾病",
    "level": "soc",
    "code": "10028395"
  },
  {
    "text": "良性、恶性及性质不明的肿瘤（包括囊状和息肉状）",
    "level": "soc",
    "code": "10029104"
  },
  {
    "text": "各类神经系统疾病",
    "level": "soc",
    "code": "10029205"
  },
  {
    "text": "妊娠期、产褥期及围产期状况",
    "level": "soc",
    "code": "10036585"
  },
  {
    "text": "精神病类",
    "level": "soc",
    "code": "10037175"
  },
  {
    "text": "肾脏及泌尿系统疾病",
    "level": "soc",
    "code": "10038359"
  },
  {
    "text": "生殖系统及乳腺疾病",
    "level": "soc",
    "code": "10038604"
  },
  {
    "text": "呼吸系统、胸及纵隔疾病",
    "level": "soc",
    "code": "10038738"
  },
  {
    "text": "皮肤及皮下组织类疾病",
    "level": "soc",
    "code": "10040785"
  },
  {
    "text": "社会环境",
    "level": "soc",
    "code": "10041244"
  },
  {
    "text": "各种手术及医疗操作",
    "level": "soc",
    "code": "10042613"
  },
  {
    "text": "血管与淋巴管类疾病",
    "level": "soc",
    "code": "10047065"
  },
  {
    "text": "产品问题",
    "level": "soc",
    "code": "10077536"
  }
]