[
  {
    "level": "hlgt",
    "code": "10025319",
    "text": "Lymphomas Hodgkin's disease",
    "current": false,
    "primary_soc_code": null
  },
  {
    "level": "hlgt",
    "code": "10025320",
    "text": "Lymphomas non-Hodgkin's B-cell",
    "current": false,
    "primary_soc_code": null
  },
  {
    "level": "hlgt",
    "code": "10002086",
    "text": "Anaemias nonhaemolytic and marrow depression",
    "current": false,
    "primary_soc_code": null
  },
  {
    "level": "hlgt",
    "code": "10064477",
    "text": "Coagulopathies and bleeding diatheses (excl thrombocytopenic)",
    "current": false,
    "primary_soc_code": null
  },
  {
    "level": "hlgt",
    "code": "10018902",
    "text": "Haemoglobinopathies",
    "current": false,
    "primary_soc_code": null
  },
  {
    "level": "hlgt",
    "code": "10018911",
    "text": "Haemolyses and related conditions",
    "current": false,
    "primary_soc_code": null
  },
  {
    "level": "hlgt",
    "code": "10018865",
    "text": "Haematopoietic neoplasms (excl leukaemias and lymphomas)",
    "current": false,
    "primary_soc_code": null
  },
  {
    "level": "hlgt",
    "code": "10025321",
    "text": "Lymphomas non-Hodgkin's T-cell",
    "current": false,
    "primary_soc_code": null
  },
  {
    "level": "hlgt",
    "code": "10018849",
    "text": "Haematological disorders NEC",
    "current": false,
    "primary_soc_code": null
  },
  {
    "level": "hlgt",
    "code": "10035227",
    "text": "Plasma cell neoplasms",
    "current": false,
    "primary_soc_code": null
  },
  {
    "level": "hlgt",
    "code": "10038158",
    "text": "Red blood cell disorders",
    "current": false,
    "primary_soc_code": null
  },
  {
    "level": "hlgt",
    "code": "10047954",
    "text": "White blood cell disorders",
    "current": false,
    "primary_soc_code": null
  },
  {
    "level": "hlgt",
    "code": "10024324",
    "text": "Leukaemias",
    "current": false,
    "primary_soc_code": null
  },
  {
    "level": "hlgt",
    "code": "10035534",
    "text": "Platelet disorders",
    "current": false,
    "primary_soc_code": null
  },
  {
    "level": "hlgt",
    "code": "10041641",
    "text": "Spleen, lymphatic and reticuloendothelial system disorders",
    "current": false,
    "primary_soc_code": null
  },
  {
    "level": "hlgt",
    "code": "10025322",
    "text": "Lymphomas non-Hodgkin's unspecified histology",
    "current": false,
    "primary_soc_code": null
  },
  {
    "level": "hlgt",
    "code": "10025323",
    "text": "Lymphomas NEC",
    "current": false,
    "primary_soc_code": null
  }
]