{
  "10005329": [
    {
      "level": "hlgt",
      "code": "10025319",
      "text": "Lymphomas Hodgkin's disease",
      "current": false,
      "primary_soc_code": null
    },
    {
      "level": "hlgt",
      "code": "10025320",
      "text": "Lymphomas non-Hodgkin's B-cell",
      "current": false,
      "primary_soc_code": null
    },
    {
      "level": "hlgt",
      "code": "10002086",
      "text": "Anaemias nonhaemolytic and marrow depression",
      "current": false,
      "primary_soc_code": null
    },
    {
      "level": "hlgt",
      "code": "10064477",
      "text": "Coagulopathies and bleeding diatheses (excl thrombocytopenic)",
      "current": false,
      "primary_soc_code": null
    },
    {
      "level": "hlgt",
      "code": "10018902",
      "text": "Haemoglobinopathies",
      "current": false,
      "primary_soc_code": null
    },
    {
      "level": "hlgt",
      "code": "10018911",
      "text": "Haemolyses and related conditions",
      "current": false,
      "primary_soc_code": null
    },
    {
      "level": "hlgt",
      "code": "10018865",
      "text": "Haematopoietic neoplasms (excl leukaemias and lymphomas)",
      "current": false,
      "primary_soc_code": null
    },
    {
      "level": "hlgt",
      "code": "10025321",
      "text": "Lymphomas non-Hodgkin's T-cell",
      "current": false,
      "primary_soc_code": null
    },
    {
      "level": "hlgt",
      "code": "10018849",
      "text": "Haematological disorders NEC",
      "current": false,
      "primary_soc_code": null
    },
    {
      "level": "hlgt",
      "code": "10035227",
      "text": "Plasma cell neoplasms",
      "current": false,
      "primary_soc_code": null
    },
    {
      "level": "hlgt",
      "code": "10038158",
      "text": "Red blood cell disorders",
      "current": false,
      "primary_soc_code": null
    },
    {
      "level": "hlgt",
      "code": "10047954",
      "text": "White blood cell disorders",
      "current": false,
      "primary_soc_code": null
    },
    {
      "level": "hlgt",
      "code": "10024324",
      "text": "Leukaemias",
      "current": false,
      "primary_soc_code": null
    },
    {
      "level": "hlgt",
      "code": "10035534",
      "text": "Platelet disorders",
      "current": false,
      "primary_soc_code": null
    },
    {
      "level": "hlgt",
      "code": "10041641",
      "text": "Spleen, lymphatic and reticuloendothelial system disorders",
      "current": false,
      "primary_soc_code": null
    },
    {
      "level": "hlgt",
      "code": "10025322",
      "text": "Lymphomas non-Hodgkin's unspecified histology",
      "current": false,
      "primary_soc_code": null
    },
    {
      "level": "hlgt",
      "code": "10025323",
      "text": "Lymphomas NEC",
      "current": false,
      "primary_soc_code": null
    }
  ],
  "10025319": [
    {
      "level": "hlt",
      "code": "10020214",
      "text": "Hodgkin's disease lymphocyte depletion type",
      "current": false,
      "primary_soc_code": null
    },
    {
      "level": "hlt",
      "code": "10020226",
      "text": "Hodgkin's disease lymphocyte predominance type",
      "current": false,
      "primary_soc_code": null
    },
    {
      "level": "hlt",
      "code": "10020243",
      "text": "Hodgkin's disease NEC",
      "current": false,
      "primary_soc_code": null
    },
    {
      "level": "hlt",
      "code": "10057170",
      "text": "Hodgkin's disease mixed cellularity type",
      "current": false,
      "primary_soc_code": null
    },
    {
      "level": "hlt",
      "code": "10057172",
      "text": "Hodgkin's disease nodular sclerosis type",
      "current": false,
      "primary_soc_code": null
    }
  ],
  "10020214": [{
    "level": "pt",
    "code": "10020208",
    "text": "Hodgkin's disease lymphocyte depletion stage I site unspecified",
    "current": false,
    "primary_soc_code": "10029104"
  },
  {
    "level": "pt",
    "code": "10020209",
    "text": "Hodgkin's disease lymphocyte depletion stage I subdiaphragm",
    "current": false,
    "primary_soc_code": "10029104"
  },
  {
    "level": "pt",
    "code": "10020210",
    "text": "Hodgkin's disease lymphocyte depletion stage I supradiaphragm",
    "current": false,
    "primary_soc_code": "10029104"
  },
  {
    "level": "pt",
    "code": "10020211",
    "text": "Hodgkin's disease lymphocyte depletion stage II site unspecified",
    "current": false,
    "primary_soc_code": "10029104"
  },
  {
    "level": "pt",
    "code": "10020212",
    "text": "Hodgkin's disease lymphocyte depletion stage II subdiaphragm",
    "current": false,
    "primary_soc_code": "10029104"
  },
  {
    "level": "pt",
    "code": "10020213",
    "text": "Hodgkin's disease lymphocyte depletion stage II supradiaphragm",
    "current": false,
    "primary_soc_code": "10029104"
  },
  {
    "level": "pt",
    "code": "10020215",
    "text": "Hodgkin's disease lymphocyte depletion type recurrent",
    "current": false,
    "primary_soc_code": "10029104"
  },
  {
    "level": "pt",
    "code": "10020216",
    "text": "Hodgkin's disease lymphocyte depletion type refractory",
    "current": false,
    "primary_soc_code": "10029104"
  },
  {
    "level": "pt",
    "code": "10020217",
    "text": "Hodgkin's disease lymphocyte depletion type stage III",
    "current": false,
    "primary_soc_code": "10029104"
  },
  {
    "level": "pt",
    "code": "10020218",
    "text": "Hodgkin's disease lymphocyte depletion type stage IV",
    "current": false,
    "primary_soc_code": "10029104"
  },
  {
    "level": "pt",
    "code": "10020219",
    "text": "Hodgkin's disease lymphocyte depletion type stage unspecified",
    "current": false,
    "primary_soc_code": "10029104"
  }],
  "10020208": [
    {
      "level": "llt",
      "code": "10020208",
      "text": "Hodgkin's disease lymphocyte depletion stage I site unspecified",
      "current": true,
      "primary_soc_code": null
    }
  ]
}