{"uuid":"dda4786e-daa1-45b1-af2d-83fc1ed0e113","study_environment_uuid":"5e4094fc-3793-4033-b3e5-db72652716a2","task_type_rules":{"adverse_event":{"dictionary_rule":{"name":"MedDRA","version":"23.1","language":"ENG"},"autocoding_rule":{"algorithm":{"autocoding_threshold":0.51,"autocoding_enabled":false}}},"medical_history":{"dictionary_rule":{"name":"MedDRA","version":"23.1","language":"ENG"},"autocoding_rule":{"algorithm":{"autocoding_threshold":0.99,"autocoding_enabled":false}}},"concomitant_medication":{"dictionary_rule":{"name":"WHODrug","version":"201909 B3 Global","language":"ENG"},"autocoding_rule":{"algorithm":{"autocoding_threshold":0.99,"autocoding_enabled":false}}}},"is_active":true}